{
    "absolute_delta": {
        "mean": 0.05952972173690796,
        "median": 0.06869888305664062,
        "max": 0.08594420552253723,
        "std": 0.026127858087420464
    },
    "relative_delta": {
        "mean": 1.4643789529800415,
        "median": 1.4533686637878418,
        "max": 2.1451752185821533,
        "std": 0.5514279007911682,
        "pct_above_5pct": 100.0,
        "pct_above_1pct": 100.0
    },
    "raw_prediction_diff_F_input_minus_F_baseline": {
        "mean": 0.05225173756480217,
        "median": 0.059134483337402344,
        "min": 0.011162757873535156,
        "max": 0.08645796775817871
    },
    "log_transform": true,
    "n_samples": 3,
    "n_steps": 100,
    "method": "gausslegendre"
}