{
    "absolute_delta": {
        "mean": 0.1348923146724701,
        "median": 0.1348923146724701,
        "max": 0.20108574628829956,
        "std": 0.06619343161582947
    },
    "relative_delta": {
        "mean": 0.32634180784225464,
        "median": 0.32634180784225464,
        "max": 0.5746992230415344,
        "std": 0.2483574002981186,
        "pct_above_5pct": 100.0,
        "pct_above_1pct": 100.0
    },
    "prediction_diff_F_input_minus_F_baseline": {
        "mean": 0.6154141426086426,
        "median": 0.6154141426086426,
        "min": 0.3498973846435547,
        "max": 0.8809309005737305
    },
    "n_samples": 2,
    "n_steps": 100
}