{
    "absolute_delta": {
        "mean": 0.24720127880573273,
        "median": 0.24893520772457123,
        "max": 0.4669513702392578,
        "std": 0.13496063649654388
    },
    "relative_delta": {
        "mean": 0.9475963115692139,
        "median": 0.9652762413024902,
        "max": 2.2342052459716797,
        "std": 0.7697197198867798,
        "pct_above_5pct": 83.33333333333334,
        "pct_above_1pct": 100.0
    },
    "prediction_diff_F_input_minus_F_baseline": {
        "mean": 0.6004158854484558,
        "median": 0.4581890106201172,
        "min": 0.11148834228515625,
        "max": 1.5077886581420898
    },
    "n_samples": 6,
    "n_steps": 50
}